113,158,243,385,85,379,397,277,263,25,422,73,285,159,317,205,294,406,155,412,380,86,418,50,107,408,5,152,347,135,191,237,194,415,325,262,310,42,281,413,407,249,301,212,202,384,8,181,419,261,180,323,164,91,26,37,117,396,244,149,335,402,167,120,236,93,172,275,30,313,121,298,123,118,168,314,303,136,271,334,150,246,137,111,259,69,242,41,83,48,80,19,215,292,342,264,346,420,266,198,214,115,87,321,204,68,339,399,410,190,309,231,112,329,46,4,222,31,344,197,304,151,147,52,228,308,153,62,375,177,170,22,10,188,272,174,163,319,284,146,195,360,355,393,206,127,49,209,29,240,296,300,90,124,349,280,143,20,74,57,76,238,353,411,315,108,16,324,187,332,162,398,218,99,96,225,161,185,330,223,72,47,217,122,213,45,182,173,251,130,352,373,23,216,65,381,417,193,345,178,60,348,116,226,40,392,273,28,56,156,208,21,374
78,299,243,71,399,398,54,350,196,229,230,99,315,74,167,351,401,92,181,30,269,157,338,60,139,418,59,142,384,52,4,65,320,342,202,245,330,111,259,58,379,114,44,62,361,303,371,132,190,306,2,5,256,347,102,302,291,365,226,261,282,324,228,94,311,158,140,166,426,23,98,110,14,395,64,265,101,381,360,199,121,232,8,137,68,292,331,355,248,385,329,133,127,187,154,353,141,407,37,144,340,402,318,268,409,191,288,145,47,40,7,345,117,180,258,253,271,34,294,175,11,75,298,406,73,364,169,91,207,100,61,272,6,283,322,194,155,237,53,115,51,81,179,85,125,205,333,87,335,285,50,415,404,107,212,77,231,46,21,358,224,251,377,200,267,170,22,362,3,325,274,25,326,227,356,263,279,309,161,134,233,348,246,378,28,392,323,284,15,18,24,95,417,38,314,349,270,317,383,29,370,319,135,217,83,408,276,45,42,397,295,113,177
71,344,163,138,254,255,52,123,242,263,213,210,221,230,358,341,45,288,367,114,92,6,420,37,95,318,240,364,223,300,150,147,67,178,101,131,347,78,225,80,108,303,66,219,160,102,18,39,119,302,86,387,328,371,314,338,174,83,47,381,299,21,293,403,278,110,277,194,130,33,271,270,320,342,181,193,57,350,274,261,272,226,412,2,327,286,72,168,215,311,3,89,145,360,290,369,107,392,60,398,250,222,394,413,195,109,13,128,25,99,103,24,368,372,285,383,421,206,384,142,220,251,326,374,182,129,191,126,417,402,93,146,317,65,243,157,28,31,165,154,139,91,351,244,239,75,170,232,409,55,214,34,283,84,177,426,43,332,117,10,310,135,96,279,198,262,298,46,203,141,127,27,149,227,313,133,339,322,259,140,48,281,379,23,62,82,205,29,331,77,111,200,245,425,164,90,190,208,297,63,166,359,237,361,323,85,382,396,185,7,158,408,125
250,3,124,117,344,109,304,380,397,30,314,118,41,394,171,187,399,239,393,310,290,404,205,197,261,333,193,336,204,210,225,94,346,257,189,419,179,242,151,2,363,93,217,69,413,32,343,338,274,213,146,280,335,302,305,156,65,64,329,273,405,26,311,332,81,227,24,185,289,347,122,224,145,356,291,389,112,154,91,46,315,245,403,382,309,20,15,410,383,416,370,42,180,90,423,27,253,376,11,230,82,366,86,172,388,184,214,67,364,408,87,126,348,349,236,159,136,345,281,21,43,120,402,80,28,218,295,60,165,102,121,55,101,53,238,317,203,303,424,425,161,191,89,269,47,288,160,272,377,123,98,10,163,263,68,327,57,75,128,209,240,426,110,88,74,18,420,414,39,194,360,371,51,127,381,0,286,299,104,177,256,149,52,301,407,59,176,63,334,361,114,320,232,54,339,378,192,107,284,307,170,390,297,358,223,13,294,229,113,8,9,352,202
85,291,389,120,44,295,222,339,400,46,113,204,132,231,108,83,159,364,226,343,362,292,426,91,56,192,175,386,402,380,176,23,412,12,5,190,232,233,154,153,315,90,318,415,355,210,289,26,300,239,144,212,345,409,348,141,94,95,72,50,228,63,316,360,358,322,320,398,334,296,357,255,55,421,8,323,13,245,388,109,325,285,368,31,161,17,331,266,347,206,240,112,62,414,107,270,77,337,155,149,303,234,186,298,273,128,88,166,145,100,359,162,243,92,142,122,147,407,182,57,39,378,349,264,404,393,207,366,66,99,394,52,392,248,111,1,29,126,335,171,423,71,117,382,179,383,376,180,184,193,121,168,229,22,327,189,328,86,330,217,278,89,10,377,219,170,127,422,194,253,61,237,252,326,80,267,284,241,74,21,203,178,35,118,172,361,196,53,200,37,387,304,302,218,68,254,98,140,338,152,294,290,336,157,167,114,321,40,104,307,396,399,363
258,399,112,161,341,412,403,320,213,26,268,381,39,122,317,105,212,277,60,285,389,336,48,97,299,126,142,365,109,172,207,49,377,402,53,364,150,23,383,297,270,279,30,360,374,315,44,160,218,372,45,125,181,308,369,334,340,163,106,78,92,331,251,224,43,221,52,356,313,29,155,193,261,148,371,27,353,326,18,104,65,33,114,269,115,169,147,190,202,249,76,40,131,350,321,143,167,219,189,376,156,256,220,64,88,382,287,343,335,236,272,63,19,424,348,298,141,206,168,323,179,145,216,182,362,194,16,151,398,232,397,134,121,68,392,35,408,281,205,347,100,61,93,410,139,302,77,8,411,254,293,102,342,209,421,214,215,223,240,385,265,387,127,337,259,328,129,51,15,245,21,210,237,0,101,171,284,286,58,394,6,28,162,243,271,192,197,11,128,136,10,300,416,70,55,230,415,227,32,7,414,363,120,84,117,41,291,346,103,54,89,239,95
422,169,49,29,103,334,143,408,69,191,71,96,320,39,187,34,230,3,403,129,260,119,419,366,398,26,251,196,387,144,269,104,73,72,149,332,194,308,326,177,309,147,292,167,346,122,31,310,340,365,216,270,290,234,396,420,60,418,397,100,70,184,278,252,197,238,425,173,121,151,102,214,298,219,47,199,155,153,217,324,389,303,83,255,132,27,32,259,117,140,115,2,305,370,240,189,178,338,271,61,407,158,161,125,207,110,306,13,244,64,348,323,18,231,195,399,176,318,56,256,162,368,171,67,355,97,228,48,186,378,257,410,229,148,307,192,406,373,353,313,417,146,50,159,76,202,54,258,14,268,25,249,51,55,78,316,128,208,266,328,360,225,342,175,134,137,90,210,273,109,301,200,92,185,415,180,9,124,179,242,289,393,63,265,402,248,371,19,286,62,345,168,204,164,364,101,282,322,367,87,325,362,414,99,395,291,401,409,136,98,11,85,400
199,88,339,276,135,303,122,391,322,269,190,37,179,225,57,382,0,108,113,212,91,165,249,86,267,392,39,244,210,325,82,246,369,72,154,134,367,394,158,288,348,111,191,336,131,100,193,67,363,400,50,25,54,129,378,104,417,411,7,317,342,365,421,236,21,19,79,47,321,112,237,176,284,356,85,216,166,418,353,302,222,234,92,280,202,95,422,101,247,403,8,240,84,195,203,393,200,401,352,420,281,44,116,137,233,242,148,208,266,257,227,423,68,110,328,173,20,278,239,289,218,103,164,97,11,9,40,36,117,307,41,380,406,404,309,241,416,388,15,30,310,12,358,292,221,396,425,255,149,279,330,188,410,327,196,130,268,13,69,76,159,175,56,194,299,94,277,29,285,318,228,24,298,245,43,349,182,366,274,213,192,364,230,402,74,204,64,341,362,22,184,256,147,329,357,355,60,253,409,168,139,80,6,320,347,326,383,14,232,73,379,27,156
94,10,88,91,187,56,164,155,280,414,49,3,366,124,203,206,165,400,146,200,417,8,129,45,212,406,158,152,386,337,79,385,185,354,1,344,317,367,93,292,371,278,220,68,151,76,313,257,92,352,375,201,384,335,89,338,245,276,237,52,66,117,137,24,309,378,204,118,184,284,55,67,230,295,72,42,225,349,422,404,377,150,7,197,78,408,221,36,324,301,141,346,53,320,31,241,389,181,426,383,380,239,328,77,63,219,166,139,134,84,351,372,348,173,202,115,307,9,273,39,314,260,34,271,205,172,191,87,83,363,58,224,359,340,274,393,302,20,272,62,171,16,391,388,59,116,86,264,397,288,106,270,255,275,374,242,46,294,131,421,145,246,38,243,147,240,235,343,32,418,345,299,376,120,296,33,13,368,199,327,315,127,252,311,316,238,358,263,396,44,95,75,244,123,183,97,15,101,154,286,186,356,390,189,333,130,28,379,160,144,47,282,113
216,130,181,293,36,95,115,114,258,179,271,236,47,246,147,176,21,108,163,341,351,249,313,143,408,284,336,421,307,141,212,422,67,354,166,423,321,372,266,194,106,88,5,279,399,61,6,184,38,302,133,352,92,411,71,426,170,172,412,185,11,41,171,144,377,275,206,161,30,78,26,190,227,186,13,192,425,400,89,72,298,160,76,214,69,380,272,93,56,57,164,239,198,369,127,277,82,178,244,9,112,19,119,132,295,286,315,152,221,135,248,388,337,165,220,401,80,245,189,215,33,102,98,364,381,66,355,105,256,283,263,375,226,394,374,330,207,250,358,158,353,391,410,262,365,231,116,303,325,251,243,54,278,43,91,48,39,357,331,27,193,137,109,264,200,285,199,255,173,319,363,195,300,417,405,113,29,59,117,87,83,31,103,420,128,151,211,162,418,273,18,17,12,121,308,104,129,64,203,402,50,233,149,232,306,148,168,219,314,406,154,346,345
118,0,217,5,27,402,36,121,369,51,73,183,376,352,303,236,198,135,64,195,82,276,147,141,24,194,160,6,49,158,200,129,162,79,319,251,108,40,99,22,95,406,190,250,126,330,242,423,396,315,189,224,159,116,385,164,153,301,60,219,398,275,63,211,272,66,20,179,68,221,244,151,355,72,331,188,94,373,127,76,17,171,175,81,279,143,65,220,365,347,123,256,4,374,269,393,253,364,193,416,335,339,132,324,361,85,357,411,359,45,223,28,137,258,209,350,289,139,161,75,368,88,302,417,136,21,7,326,210,351,283,201,329,154,41,140,413,205,316,286,328,333,128,407,294,149,165,92,380,84,155,363,67,312,184,174,38,366,176,354,382,78,280,274,71,338,47,11,255,48,70,261,421,196,344,400,332,378,16,305,218,25,37,97,249,69,299,263,166,208,321,257,213,232,29,168,212,323,62,173,74,239,134,317,308,202,388,270,334,281,156,278,404
29,348,400,114,71,14,75,269,9,3,163,338,156,157,109,181,188,221,272,45,88,319,39,286,87,107,202,420,175,266,95,353,425,320,248,368,271,329,149,151,227,204,376,399,323,36,145,17,57,292,148,135,413,120,205,361,207,212,236,303,275,159,358,424,106,378,51,270,127,273,112,254,215,375,111,335,276,245,54,283,410,367,42,83,246,89,18,298,128,34,226,360,55,122,191,164,355,333,102,356,374,274,147,278,218,234,314,62,46,158,243,91,222,26,426,182,124,201,192,284,309,359,256,403,316,198,174,196,238,169,339,63,287,351,4,259,242,185,252,171,86,240,170,306,94,331,373,302,415,118,72,322,28,22,396,190,346,379,115,67,133,140,313,96,110,134,229,247,364,167,209,66,412,308,219,337,73,103,41,177,365,250,404,68,301,123,132,405,363,345,237,193,317,11,56,50,93,260,35,334,220,49,117,289,214,265,64,233,277,59,307,0,391
303,104,165,38,406,4,241,321,365,17,275,418,369,234,245,150,146,242,353,277,55,222,274,213,34,249,12,184,131,252,167,160,362,318,212,42,177,20,295,32,233,88,372,232,244,351,56,125,407,257,210,149,27,373,7,168,53,126,86,35,182,209,292,228,127,164,108,30,140,153,97,425,398,380,142,329,68,162,69,226,187,155,325,145,412,202,322,358,360,337,78,314,51,309,8,106,201,267,302,378,198,196,251,330,117,0,93,40,189,405,121,29,63,147,401,58,289,339,413,284,31,41,188,174,133,5,408,389,397,285,370,255,83,334,256,416,254,361,340,311,39,402,135,341,85,312,384,185,151,393,33,92,263,349,94,112,181,194,270,236,379,227,163,214,359,203,301,392,237,239,120,278,166,67,367,419,258,119,415,272,395,6,70,386,374,192,299,410,18,381,247,103,25,342,136,376,316,137,399,76,80,221,310,354,11,154,123,183,368,216,66,73,191
108,271,406,234,415,215,392,179,203,159,371,68,196,352,354,304,145,276,348,242,142,170,250,278,302,248,154,209,274,31,322,54,382,257,416,49,216,183,335,239,39,420,162,174,212,81,148,82,288,260,83,56,347,3,298,38,127,292,28,193,368,232,135,164,222,46,275,308,387,149,129,268,219,214,140,252,317,221,176,224,115,47,223,152,177,402,384,60,33,98,5,44,62,267,243,306,238,2,163,229,10,59,314,231,51,48,23,321,157,113,344,201,65,63,117,168,269,73,137,272,128,356,75,67,146,199,36,100,324,409,53,336,318,220,372,184,279,230,363,393,228,25,413,123,194,207,419,337,343,104,241,121,78,70,367,19,134,301,76,175,369,329,365,315,169,235,79,122,422,206,245,323,105,4,42,326,305,407,12,280,307,178,35,226,300,30,208,294,64,52,86,259,125,167,339,112,143,263,50,249,390,246,233,380,106,262,265,132,360,285,84,15,213
257,83,410,275,155,417,343,106,287,347,43,268,211,292,356,346,183,395,57,316,327,322,144,23,227,264,42,59,370,189,197,101,194,46,201,426,47,392,117,295,354,176,386,99,131,163,125,286,319,4,251,415,288,352,92,338,232,418,301,100,118,364,424,263,336,342,279,119,299,326,242,412,143,241,358,230,91,81,32,258,222,308,363,369,340,311,55,290,124,270,368,377,416,30,313,44,376,350,271,52,246,277,274,348,130,168,306,413,210,409,399,325,76,334,218,217,272,175,140,159,397,329,102,37,84,28,29,77,20,385,36,148,109,402,206,16,66,162,421,181,18,367,8,142,26,120,87,243,384,182,349,318,297,249,229,202,331,273,344,422,133,185,262,378,147,365,425,167,82,312,79,353,95,193,184,414,138,205,294,85,54,372,22,53,238,25,156,380,98,216,411,13,317,303,209,260,296,203,1,108,248,158,226,169,255,160,269,328,188,281,80,355,371
291,103,191,97,365,131,31,349,366,58,133,245,65,273,216,98,348,282,293,420,393,329,220,173,91,260,381,389,305,188,19,343,283,351,267,179,114,344,338,130,396,160,145,25,163,296,354,111,73,300,353,204,320,124,316,236,400,426,412,301,402,410,201,307,171,42,62,382,55,35,217,159,251,169,194,33,214,126,134,59,32,375,388,309,345,318,123,36,89,57,206,278,183,212,237,84,371,148,152,374,193,383,380,340,401,259,256,94,12,219,238,223,276,105,357,82,310,292,77,199,34,326,425,198,86,325,20,196,312,8,69,10,72,359,70,228,235,30,88,66,28,341,129,106,229,109,142,211,356,414,146,140,6,281,361,248,118,299,222,113,324,60,369,421,233,210,288,178,116,298,392,335,202,1,390,174,224,54,2,218,64,294,328,176,4,280,362,342,403,184,407,39,266,234,172,408,358,137,333,18,255,227,355,378,268,99,244,195,258,11,48,128,395
66,412,199,329,172,227,87,78,326,81,181,0,346,343,395,390,246,107,263,214,358,410,299,324,363,37,230,400,376,420,189,17,315,145,221,96,287,274,286,311,291,244,95,211,89,98,402,325,104,209,330,44,205,397,224,265,240,69,373,25,43,226,61,53,68,208,415,118,28,216,116,281,77,388,71,178,182,29,93,283,361,2,127,249,143,417,302,196,423,54,351,248,321,133,136,203,233,225,380,290,331,364,322,389,228,270,156,111,64,67,347,126,26,46,115,268,260,229,304,9,157,422,65,195,190,100,56,308,174,202,166,235,409,307,239,344,238,379,83,386,204,197,10,200,16,21,360,201,320,184,99,350,345,408,305,328,70,185,259,293,8,119,303,405,231,306,112,418,367,109,298,41,206,57,140,296,88,152,128,39,275,158,284,262,123,122,92,251,419,387,171,130,30,362,76,147,146,421,74,149,117,332,318,242,215,369,243,312,19,153,340,425,176
351,302,410,33,22,242,163,214,153,91,268,313,38,127,409,49,215,16,384,27,12,53,331,362,414,279,207,177,86,413,352,195,70,79,97,285,355,395,263,175,37,19,333,10,84,187,94,411,257,275,9,100,54,295,169,167,147,385,14,417,66,244,212,403,226,277,316,113,412,396,303,122,265,164,35,55,255,200,361,205,262,259,343,203,231,276,391,133,152,394,234,424,266,392,30,400,123,246,380,219,59,101,41,346,223,321,93,65,148,82,5,108,57,139,278,271,165,419,347,404,61,322,180,52,21,4,418,34,74,0,209,125,423,196,216,340,92,150,166,296,398,426,120,69,85,230,28,46,408,406,372,248,178,241,314,402,142,89,186,105,286,62,357,202,56,124,250,318,399,245,317,149,375,253,8,75,345,369,191,185,134,299,47,204,332,258,77,137,140,199,306,160,192,320,40,213,233,171,193,344,158,308,415,309,288,397,218,170,301,112,293,274,88
50,206,276,29,154,94,122,240,350,303,169,187,328,382,421,372,163,232,174,342,284,389,414,347,291,214,416,425,297,190,157,247,111,314,361,308,270,271,412,84,357,131,57,193,191,253,404,73,60,46,265,405,400,108,366,49,24,325,221,180,407,213,127,358,260,210,392,274,398,326,12,286,354,309,3,31,97,30,58,209,199,417,335,403,91,355,48,279,124,378,422,285,419,114,376,172,299,64,415,25,312,138,411,269,77,239,364,51,310,391,385,36,39,251,245,377,38,254,183,145,241,323,175,233,112,225,234,198,21,242,246,340,200,413,93,81,20,82,45,218,292,95,179,72,196,158,287,334,9,318,383,106,55,11,216,336,6,128,142,338,275,388,43,317,375,195,278,161,220,313,113,227,395,126,171,92,263,237,369,410,329,368,197,47,54,394,390,98,5,345,185,321,44,14,386,100,104,229,116,37,178,71,223,79,330,250,420,402,149,311,177,121,236
374,327,118,224,407,413,38,29,137,154,298,315,0,307,79,186,132,44,424,334,200,12,178,31,106,27,363,396,25,268,131,177,329,73,406,411,182,354,253,100,229,14,170,179,292,166,245,284,153,248,26,390,103,356,46,189,2,384,99,8,152,39,344,17,341,385,312,212,48,205,11,143,64,202,415,136,187,172,231,94,71,309,21,323,243,366,121,171,49,400,369,368,271,324,270,289,280,249,115,373,282,345,158,322,185,215,291,238,244,295,165,63,286,325,402,258,389,19,197,133,160,88,144,188,360,7,57,101,264,28,361,141,259,262,41,285,319,43,401,67,213,246,72,32,237,388,69,380,242,414,180,138,340,142,87,337,23,331,399,216,108,157,257,314,317,283,140,311,148,308,287,91,123,408,418,50,222,104,230,174,342,279,6,47,349,318,335,381,113,261,355,210,211,105,201,386,352,410,128,362,306,196,92,256,198,394,167,277,383,156,117,234,98
335,107,297,78,405,387,42,72,413,355,278,389,24,256,419,15,215,115,204,258,4,246,314,373,117,317,227,311,284,266,371,200,294,330,341,75,84,253,130,196,252,372,198,23,57,242,39,293,155,328,291,244,236,310,48,377,89,239,86,25,12,337,124,392,185,47,295,332,340,199,187,190,343,356,353,218,323,79,350,348,181,342,22,296,164,183,141,77,359,221,195,361,233,249,401,43,410,334,32,344,91,369,312,263,134,146,116,14,229,279,267,17,154,213,382,94,254,283,271,272,99,95,251,2,5,10,319,379,287,210,329,206,92,160,285,378,101,416,16,68,167,50,36,142,194,217,11,235,193,360,148,61,158,276,281,59,67,225,165,80,231,399,170,400,103,93,110,138,136,368,49,205,326,245,396,384,52,60,269,29,98,179,178,300,151,132,125,220,208,388,298,286,325,8,260,301,402,3,406,370,426,112,0,390,109,56,349,394,248,259,149,173,54
129,202,422,220,356,305,258,310,174,155,403,252,196,355,179,33,172,71,415,151,90,146,215,321,419,370,187,398,85,399,70,102,318,64,384,14,322,16,20,199,109,167,191,4,95,72,55,156,111,98,268,259,224,141,68,238,294,181,21,53,420,123,37,240,376,325,106,188,380,239,74,284,185,30,292,119,45,36,405,93,142,81,245,57,265,261,331,351,285,15,336,73,145,19,210,352,39,112,282,425,52,47,227,198,368,360,404,335,401,12,150,48,297,307,62,250,264,97,117,397,65,327,281,46,132,300,134,244,56,60,413,394,166,228,287,27,378,169,319,218,88,392,339,361,94,29,309,303,177,243,86,338,298,299,160,357,266,276,219,272,230,87,289,101,69,364,194,363,246,295,389,254,184,96,291,139,25,379,408,2,369,306,121,122,163,416,100,108,157,49,290,301,269,190,80,263,409,31,50,176,9,253,283,332,17,371,417,418,75,248,84,114,118
246,95,141,301,346,178,405,410,352,416,361,291,162,130,349,57,212,243,385,256,238,111,59,323,155,329,274,353,44,309,426,108,119,137,129,317,107,366,350,68,308,31,109,253,300,296,46,424,112,284,188,307,114,386,333,7,94,418,208,330,106,146,196,132,45,142,38,343,150,355,203,278,321,180,408,84,282,78,206,403,295,34,313,288,283,345,55,319,37,88,17,63,179,189,163,384,230,174,134,398,293,159,131,362,371,247,409,396,342,102,62,177,90,166,190,215,259,378,407,193,389,373,152,337,395,210,402,391,359,20,39,303,48,186,26,25,224,251,32,77,219,324,425,382,126,322,406,314,140,42,184,334,354,367,2,312,23,199,351,290,328,113,194,92,305,267,176,221,181,104,5,153,74,183,71,9,260,387,110,326,231,223,311,232,275,421,115,338,79,82,263,412,213,327,198,245,241,225,164,358,145,388,185,217,6,160,240,136,43,268,287,192,157
124,95,299,220,280,388,117,320,335,106,252,154,278,414,132,372,81,18,204,56,38,224,293,55,89,276,30,239,251,409,126,94,145,58,368,83,285,243,271,376,182,394,104,84,16,28,150,138,97,127,174,321,387,262,408,371,168,108,63,54,178,90,101,47,264,113,337,348,267,173,50,71,0,351,227,420,199,390,11,249,386,41,374,74,125,119,85,424,135,349,369,347,311,36,415,193,208,32,134,158,229,195,45,340,398,354,308,67,328,407,184,1,86,197,275,102,265,282,423,190,284,157,200,217,99,223,272,37,214,342,29,322,31,148,52,65,310,426,382,198,159,205,53,397,379,281,384,202,131,295,24,370,46,392,160,234,122,98,318,144,75,19,175,87,12,263,33,255,166,396,219,66,5,331,196,341,257,292,268,44,100,91,290,389,356,57,163,201,302,357,413,92,188,221,22,112,416,111,203,176,121,231,405,189,161,213,353,402,273,35,324,393,291
177,295,63,380,52,415,263,141,27,117,136,151,397,243,287,60,221,298,195,297,16,183,37,62,417,120,29,237,212,94,326,138,93,40,327,158,367,145,411,48,275,97,218,285,215,109,377,269,21,271,50,272,306,184,196,44,46,202,67,387,42,86,111,246,225,304,170,322,231,88,311,49,26,386,80,163,390,296,424,348,208,119,180,20,277,261,105,134,266,188,162,73,205,346,3,130,211,409,75,56,405,135,220,115,28,172,114,168,312,426,350,25,65,38,57,10,282,216,8,64,23,368,391,332,389,341,400,244,301,181,315,182,36,247,270,124,157,226,101,416,276,284,404,87,133,144,72,194,248,419,100,281,140,78,35,199,149,308,41,258,250,179,71,123,18,206,374,403,342,175,321,316,152,309,69,317,259,228,314,55,214,19,233,255,402,127,365,161,24,371,362,1,372,155,89,256,420,303,13,189,39,31,379,45,352,193,68,366,360,238,422,382,47
7,123,371,339,132,198,334,308,142,279,233,96,228,3,338,128,421,160,271,302,385,277,199,180,113,327,397,315,225,168,420,185,201,35,53,390,16,97,305,358,107,324,256,322,381,267,243,127,230,272,68,414,32,86,26,303,6,346,404,352,88,24,309,384,170,379,63,235,54,4,295,210,173,30,193,177,316,394,320,251,51,206,409,137,356,239,298,259,383,307,130,25,102,288,8,422,337,374,147,364,203,46,149,372,290,222,79,331,335,41,71,231,393,296,48,154,117,398,215,261,202,286,378,42,325,80,62,248,211,213,108,99,221,207,312,347,370,76,328,110,114,69,280,0,85,77,13,366,129,2,281,424,410,249,425,139,155,39,412,82,326,141,50,229,195,270,283,344,66,263,330,386,311,60,183,93,418,64,234,407,396,395,12,236,255,349,310,402,34,226,40,17,250,216,20,37,22,388,401,140,74,81,252,275,105,118,67,417,350,191,253,373,159
414,35,371,139,94,169,30,1,57,80,256,353,208,305,361,323,404,37,242,18,40,387,426,166,379,43,225,49,90,168,56,189,20,100,396,395,191,235,243,149,109,394,48,310,204,337,179,60,0,388,41,318,59,216,389,322,334,386,231,47,161,165,61,373,351,294,385,199,123,220,297,62,265,403,354,423,151,95,273,381,7,400,135,234,316,163,347,142,22,164,367,348,13,320,222,111,210,342,112,160,103,340,185,418,253,51,33,171,304,306,255,287,198,241,270,413,205,3,261,335,39,345,383,184,120,247,299,372,71,281,360,8,188,187,130,218,73,19,375,368,102,384,219,263,399,267,357,4,202,141,331,236,81,124,92,289,200,269,308,274,264,411,195,239,93,186,319,343,298,392,206,412,122,101,214,58,9,336,370,24,79,99,69,266,223,390,302,393,364,376,421,72,398,326,207,117,182,356,70,213,152,143,227,146,245,108,125,96,324,170,118,346,113
12,37,201,375,38,319,14,364,236,395,292,274,255,338,209,133,155,415,417,187,104,91,378,79,210,181,90,99,426,25,341,177,360,350,130,334,217,156,252,149,163,166,102,2,110,277,290,95,22,216,392,308,409,390,18,164,143,81,69,53,61,188,351,59,232,72,342,106,167,119,314,193,80,89,361,114,225,218,93,241,244,112,402,310,212,339,386,423,373,87,27,388,330,247,5,15,363,136,208,117,243,109,68,316,205,297,24,171,383,362,132,328,76,312,162,75,300,120,311,335,111,265,213,256,71,222,92,121,10,315,98,359,47,276,105,326,183,400,154,275,365,299,63,36,286,263,321,88,56,422,42,123,305,134,271,214,131,184,147,262,389,322,54,384,229,77,251,318,253,337,200,138,97,223,405,34,404,30,194,306,273,344,96,233,358,240,189,202,179,284,198,20,288,420,327,347,293,125,159,170,174,215,371,186,387,51,368,66,67,313,116,399,270
42,102,43,138,247,39,348,363,50,97,409,163,124,261,72,340,272,148,354,147,271,251,394,396,250,141,195,359,406,63,145,52,29,284,193,421,360,123,127,26,236,0,379,262,28,331,365,273,227,245,174,268,75,232,186,182,191,304,207,54,152,56,204,130,372,277,185,231,151,105,426,317,87,27,9,101,314,20,2,374,229,7,286,389,116,161,327,259,387,158,230,142,177,135,408,53,160,202,405,414,49,65,91,424,285,299,122,254,376,46,166,119,342,302,30,83,217,260,180,176,320,48,339,290,68,3,164,134,349,234,270,263,112,139,137,391,15,403,84,69,248,17,40,307,368,155,12,276,76,315,420,33,32,418,38,104,412,153,301,283,356,233,275,219,216,80,357,170,21,35,89,108,143,225,269,305,196,189,109,113,103,267,144,190,291,366,95,206,203,241,187,154,223,11,218,370,23,265,100,243,121,200,337,94,14,70,258,74,171,292,210,309,201
42,207,154,178,127,62,378,93,404,58,27,165,225,364,92,379,103,340,248,175,421,237,13,133,101,119,191,102,323,186,240,412,194,239,117,262,31,160,12,106,169,393,298,397,69,263,300,104,353,406,51,377,111,424,28,329,39,29,218,312,15,34,266,206,278,220,174,71,210,420,343,418,208,221,247,139,345,308,0,33,55,167,303,273,108,347,16,409,295,209,126,45,190,368,88,330,339,24,82,3,64,391,423,198,86,41,355,413,243,205,57,152,313,270,95,166,60,90,201,255,256,324,199,81,192,131,116,107,281,96,405,403,52,123,302,168,185,305,274,291,408,214,65,342,276,153,137,321,130,162,400,79,326,14,236,279,359,251,113,1,285,253,75,293,115,176,87,249,307,181,5,354,36,228,238,212,417,254,350,35,261,235,100,226,77,203,172,271,23,374,142,334,336,372,141,56,134,53,19,184,157,382,416,196,286,161,288,283,80,396,118,179,335
222,404,181,179,399,190,350,72,391,101,136,345,270,5,339,47,41,194,95,43,58,230,149,193,228,19,59,326,64,28,71,264,421,268,316,306,200,84,69,97,401,284,161,262,280,192,295,6,171,118,199,144,371,244,189,252,158,281,178,150,36,357,288,202,279,301,55,400,191,411,159,99,22,70,45,271,91,203,24,112,164,135,214,116,12,224,229,73,76,132,163,318,416,424,1,25,405,285,148,213,298,310,300,218,63,374,302,221,156,255,54,173,145,276,250,425,26,2,419,237,266,392,75,309,162,247,82,7,31,35,20,129,170,34,143,341,330,11,205,151,223,323,96,184,287,152,21,293,377,61,239,3,269,303,340,195,105,38,204,426,385,275,233,415,134,378,92,361,394,8,131,243,177,352,208,349,106,187,260,110,373,409,412,332,128,319,304,364,80,263,274,93,414,307,241,254,313,351,126,227,121,83,335,125,363,362,308,312,201,147,27,172,343
215,253,343,309,64,403,317,357,282,161,274,133,254,319,109,308,328,171,414,370,277,361,186,56,233,394,185,206,426,243,156,326,359,395,173,301,203,57,310,382,149,293,53,205,316,84,244,366,292,23,305,358,263,130,7,0,388,321,251,352,291,48,374,70,75,405,376,39,337,146,298,90,160,10,401,78,261,40,132,348,184,404,183,2,60,182,154,378,422,290,18,106,41,412,89,20,86,131,34,29,211,278,137,9,102,408,152,234,331,231,72,334,245,50,415,294,252,69,381,118,47,284,5,178,115,61,176,111,164,26,52,162,63,147,192,175,189,135,140,32,37,15,303,269,180,271,85,139,384,410,99,38,407,338,371,270,409,76,91,8,397,345,30,256,264,265,372,157,396,141,221,36,210,19,143,108,199,150,55,287,73,260,312,11,219,35,242,74,172,138,288,299,296,349,363,247,421,14,113,272,311,103,151,44,93,318,87,110,307,17,226,98,112
190,168,205,389,356,218,184,144,6,49,288,108,93,141,322,347,318,158,55,367,230,17,197,413,390,317,239,142,302,103,196,313,174,131,245,53,214,359,107,355,127,54,236,146,293,320,257,385,217,351,223,227,271,259,364,111,12,14,71,405,346,310,424,324,399,344,283,329,147,155,327,106,110,175,195,323,353,23,81,95,348,260,383,361,311,24,378,133,374,206,263,113,178,9,83,67,381,20,137,56,96,366,21,165,352,66,164,416,50,338,69,185,88,36,379,89,4,284,414,220,330,35,187,98,228,403,16,309,171,265,157,86,386,269,349,79,397,409,194,384,272,241,277,285,123,148,92,258,246,422,336,10,400,201,407,34,270,182,315,77,18,250,340,80,291,393,256,139,48,394,371,63,208,40,423,189,198,87,42,33,249,266,375,261,321,152,280,358,8,281,234,136,59,118,159,237,28,203,276,251,200,76,101,408,255,135,15,191,264,307,0,73,121
189,425,376,101,96,357,118,301,165,240,135,182,310,19,81,334,352,6,203,201,139,359,309,90,172,386,341,290,261,214,362,338,200,164,125,413,12,211,151,232,24,391,382,255,53,258,29,369,251,340,295,420,69,408,114,146,150,109,324,49,77,245,323,410,40,236,180,311,275,18,379,113,202,318,184,80,192,234,171,148,85,337,95,66,3,11,390,259,152,161,272,280,188,10,364,273,70,268,383,267,279,394,43,155,72,296,149,256,48,91,263,112,353,302,335,63,154,388,358,319,46,23,312,30,28,58,400,168,330,292,363,417,361,264,220,378,217,254,317,422,198,228,60,365,84,8,278,321,93,65,37,270,130,242,17,199,21,163,206,347,173,371,238,414,250,35,393,396,260,124,213,197,82,167,134,51,412,343,299,20,274,215,303,55,360,384,230,222,5,349,175,177,331,36,423,252,121,33,174,185,300,166,262,407,140,336,326,0,314,178,204,50,13
365,4,234,402,205,39,202,251,418,405,144,229,273,142,118,269,363,332,260,189,283,341,272,150,89,148,123,339,11,208,14,412,318,307,143,304,378,90,370,139,291,411,319,179,322,206,342,120,141,76,270,204,257,413,264,230,265,426,424,404,382,81,316,41,366,114,154,388,423,32,354,172,193,288,96,158,333,211,84,88,121,239,383,190,410,379,70,375,292,340,262,180,351,376,285,183,176,28,252,134,182,352,280,390,53,301,25,71,356,19,337,98,287,425,37,35,115,254,93,368,338,152,214,126,395,146,61,138,133,111,296,244,169,110,55,27,422,86,329,393,5,100,331,17,391,326,385,255,168,73,54,237,293,13,220,49,298,289,355,416,166,132,320,222,65,397,15,173,135,92,349,186,112,117,401,348,359,256,177,170,346,225,125,374,281,38,171,253,64,136,223,107,263,302,58,419,85,367,7,199,231,192,311,116,381,278,407,46,360,358,128,91,261
265,287,340,110,321,8,402,183,37,150,118,253,217,21,31,170,237,45,208,69,126,123,133,329,272,111,370,314,200,167,219,275,337,78,119,207,244,95,121,373,362,284,62,194,354,241,409,112,83,226,360,279,9,369,338,412,425,361,124,297,388,256,81,371,394,59,92,405,293,52,48,26,312,318,205,141,365,0,23,271,268,248,129,269,100,178,254,3,352,145,209,267,181,27,328,281,210,93,341,234,276,308,397,163,324,192,216,203,80,407,193,309,222,182,1,382,113,143,317,323,191,137,225,157,376,50,162,327,30,305,231,35,105,149,229,273,320,400,74,286,383,38,127,99,114,24,75,260,85,54,277,189,159,410,303,315,164,2,401,147,348,202,245,108,319,374,188,187,242,251,335,132,198,155,12,104,84,252,381,19,40,261,385,221,380,306,152,264,367,411,146,223,63,398,240,135,94,375,34,115,39,42,154,215,322,139,346,406,29,175,41,106,128
234,33,275,210,304,354,161,147,85,61,154,301,175,0,377,329,330,57,239,332,143,343,208,345,371,168,335,353,248,25,18,62,1,176,16,28,256,13,90,288,151,351,346,226,422,88,3,58,291,298,121,424,199,144,190,9,6,134,250,367,426,267,109,201,270,194,148,382,223,397,196,187,114,75,183,130,145,359,284,108,213,227,379,45,38,83,323,55,8,46,225,318,141,344,287,319,54,216,67,300,238,71,355,29,294,297,412,2,393,389,277,12,15,116,49,180,378,413,80,360,174,78,110,132,317,274,310,14,22,23,258,279,334,158,398,156,372,104,81,150,51,140,40,189,246,95,370,260,126,316,217,73,416,410,64,307,233,285,390,387,47,375,278,68,36,70,299,96,203,19,30,125,65,380,420,152,117,369,5,24,314,328,341,289,282,224,197,368,264,325,138,74,308,164,123,419,265,50,403,312,384,135,212,59,86,249,240,322,218,266,358,425,169
170,8,61,160,318,317,214,185,19,362,28,211,276,164,207,128,333,31,139,421,213,114,49,6,199,261,354,121,196,96,205,38,299,370,419,221,327,293,266,12,182,223,37,409,190,296,43,195,308,407,146,298,392,326,91,395,322,228,216,106,297,355,269,287,161,107,111,187,189,268,353,110,7,387,339,323,366,129,57,100,310,229,232,105,356,186,272,334,219,283,217,249,55,401,342,166,64,416,32,234,47,222,257,239,360,365,148,357,291,242,202,408,122,132,301,404,198,101,149,378,300,368,341,13,147,340,349,231,109,200,54,331,36,265,262,92,131,251,255,371,134,81,352,136,236,14,405,71,116,41,142,157,133,377,140,95,127,62,165,267,22,46,309,398,52,224,135,305,5,68,273,218,181,44,244,314,313,250,364,337,120,263,206,63,87,332,34,69,375,264,417,141,241,93,420,24,159,21,278,85,382,394,80,294,175,10,29,58,345,188,363,78,307
182,87,46,33,141,326,116,196,284,175,276,103,63,138,110,404,328,244,340,106,220,335,192,134,305,317,90,54,420,11,128,68,179,263,278,424,207,412,158,289,27,279,219,85,339,156,139,209,152,123,330,313,143,186,107,261,15,376,81,40,407,9,359,258,358,422,319,265,30,50,51,21,18,204,48,356,370,236,28,213,84,22,111,225,292,249,126,67,78,410,267,389,172,230,264,70,271,178,298,130,256,234,208,117,58,391,291,151,400,312,371,71,187,61,364,43,374,223,299,342,239,283,222,94,73,360,269,91,184,254,145,34,242,150,42,352,250,274,366,206,297,169,421,280,341,140,188,199,26,419,96,79,113,293,365,377,32,23,55,105,98,345,288,115,2,241,189,336,290,39,398,344,13,353,65,272,118,403,200,131,191,76,296,233,217,101,205,355,195,154,38,64,153,17,171,357,212,104,373,52,351,327,372,354,4,262,378,347,387,16,163,88,149
291,371,293,49,82,194,85,248,156,59,40,292,32,97,396,327,158,400,38,237,192,122,44,230,318,256,124,277,269,301,333,95,268,27,254,416,373,426,58,119,351,68,106,155,362,75,50,193,393,217,289,117,20,238,235,306,288,203,11,92,370,101,36,188,79,184,412,104,146,319,260,282,25,244,210,399,131,60,280,390,315,304,215,28,336,398,145,300,23,271,220,216,346,382,299,120,63,64,352,80,394,405,233,314,365,411,162,182,341,46,165,134,311,208,347,285,415,7,251,167,24,229,240,383,87,326,200,197,65,67,78,54,340,138,74,422,88,17,214,375,367,33,356,198,250,408,381,37,41,171,181,353,161,48,178,152,424,144,239,73,136,364,22,403,366,273,5,13,151,258,141,241,132,274,159,245,312,348,94,387,19,276,225,414,62,35,368,1,45,369,189,9,343,202,339,402,185,29,359,123,98,224,249,323,127,30,342,296,99,272,417,113,105
91,413,245,60,356,405,379,219,342,279,287,305,301,120,23,328,345,36,403,43,46,335,112,288,344,201,150,102,190,186,249,225,294,387,318,310,226,72,384,360,71,355,378,202,406,179,183,317,250,274,393,255,81,312,35,423,425,61,14,121,176,320,54,367,266,246,198,153,368,374,101,11,290,94,314,300,261,407,67,30,103,257,215,347,170,349,322,105,307,64,152,350,178,25,163,357,348,373,396,197,138,293,142,41,398,113,376,155,291,107,26,135,15,319,408,381,167,193,192,366,248,234,306,252,282,58,208,53,109,326,271,339,415,258,270,254,286,3,299,172,13,410,426,20,422,209,216,375,158,232,263,119,141,129,323,130,386,247,309,66,325,361,126,365,104,125,289,131,140,18,277,206,47,239,37,308,73,222,92,6,235,27,372,136,273,207,182,364,223,316,118,380,217,124,31,338,165,115,351,75,370,44,276,28,260,77,230,42,93,159,304,187,168
390,399,121,352,271,219,310,56,275,294,190,299,387,105,416,414,402,48,194,228,367,419,400,382,33,206,156,362,178,332,292,321,153,269,1,326,2,80,423,237,146,168,14,373,165,365,338,243,406,233,125,130,149,293,384,278,251,63,96,189,247,359,277,401,308,68,97,298,248,86,15,50,76,169,69,253,426,131,179,0,201,54,123,222,266,192,79,30,29,103,224,347,388,311,425,379,110,353,244,203,204,70,325,126,304,309,411,234,170,335,193,264,236,142,167,312,317,330,378,255,109,376,174,348,218,119,276,288,334,215,268,398,186,418,249,329,239,32,220,303,42,22,132,221,207,230,47,315,81,41,199,89,214,108,185,211,355,7,36,182,396,386,159,52,140,280,117,82,339,409,187,413,307,424,273,34,363,148,197,412,226,212,77,369,180,242,283,366,31,361,46,272,258,319,16,12,122,25,318,166,200,116,191,99,35,98,213,106,55,405,260,262,72
207,387,24,299,132,229,285,212,76,364,162,66,269,108,196,275,101,86,11,46,392,355,67,4,145,62,347,228,420,163,389,401,367,14,19,262,226,156,91,81,169,363,295,39,137,40,188,16,272,49,402,267,30,316,173,139,388,419,80,238,352,203,246,412,164,142,344,239,44,216,172,369,305,321,329,21,398,29,217,115,336,317,117,241,61,52,343,425,70,75,236,210,218,126,134,9,102,374,168,51,201,199,213,372,371,47,190,286,34,151,5,154,96,124,158,310,48,182,263,360,382,366,155,383,144,294,405,330,233,15,318,65,28,85,328,410,43,198,209,17,346,79,206,224,171,222,109,417,160,273,264,274,152,243,301,308,345,113,426,71,313,268,404,1,296,249,6,214,326,106,281,348,340,356,180,227,13,338,60,266,220,94,234,359,135,3,386,73,395,396,83,342,89,191,399,323,413,125,251,379,358,129,114,119,271,131,177,63,200,2,174,302,333
317,120,215,244,13,60,188,23,48,187,38,0,340,61,179,74,22,177,82,121,261,160,151,196,93,130,96,309,143,324,219,302,375,43,31,228,390,401,344,185,202,407,254,106,67,169,97,112,184,186,4,26,379,252,329,210,346,153,211,50,173,137,370,176,335,414,27,216,197,341,267,8,192,156,191,363,369,52,146,357,149,256,126,91,154,68,285,170,336,307,98,87,139,204,105,134,322,272,55,117,1,233,199,399,376,162,24,190,299,34,276,123,227,57,3,182,89,58,12,209,259,18,75,129,326,408,237,373,278,400,72,385,110,393,168,83,310,63,250,409,319,260,25,275,37,35,348,325,214,266,71,291,88,108,283,178,11,200,230,59,158,49,163,253,415,263,39,183,195,372,189,332,56,296,382,350,292,165,251,92,217,361,229,347,54,240,135,304,367,222,103,288,422,241,94,274,321,221,80,396,383,394,224,32,14,10,131,364,282,389,269,239,391
270,135,102,160,148,125,95,233,77,2,153,366,127,190,177,169,396,58,167,97,52,129,237,267,359,27,379,299,261,86,155,128,191,333,173,199,390,118,19,405,49,275,227,207,163,220,387,393,421,161,184,404,73,391,211,170,345,47,213,98,206,277,397,4,63,72,221,344,82,239,375,276,353,332,32,330,339,402,208,55,79,132,23,249,201,122,419,140,260,142,394,251,295,269,120,143,289,291,399,400,283,30,188,88,175,347,20,286,166,298,312,198,422,182,282,1,342,226,362,234,144,384,363,232,296,216,306,176,116,338,185,74,386,115,90,62,48,76,16,324,302,225,241,156,335,406,357,210,158,378,284,44,235,165,67,193,24,364,9,106,202,84,5,12,42,259,336,247,292,288,256,78,423,250,26,171,150,131,388,17,266,33,409,56,14,319,416,164,179,311,383,392,154,11,41,124,228,18,243,401,6,361,192,92,194,40,172,25,57,75,231,10,39
78,103,248,146,98,276,375,249,368,396,111,42,421,24,315,271,392,55,244,221,313,426,399,72,10,112,142,49,166,167,70,328,207,388,279,116,134,206,257,210,132,88,83,303,189,15,361,395,138,51,73,338,129,181,250,238,30,47,283,130,87,232,224,39,114,415,119,187,301,137,2,144,345,367,390,255,366,327,342,324,268,122,259,53,370,204,155,307,412,286,121,363,358,356,5,64,188,35,79,360,253,387,357,379,84,391,215,280,233,89,99,18,365,54,96,235,222,405,80,193,191,385,223,214,299,26,322,353,170,251,293,110,270,382,185,186,340,161,423,194,94,61,68,165,196,410,104,325,369,200,74,199,82,31,27,156,190,7,348,380,330,373,397,14,36,351,81,178,294,291,332,329,413,320,43,312,131,77,164,393,420,265,302,341,339,197,158,298,240,374,323,337,171,336,180,123,335,17,152,11,0,242,304,349,151,28,394,198,216,383,282,95,300
417,159,323,348,242,291,163,196,227,386,57,292,67,248,208,371,164,12,29,191,72,226,412,53,277,152,13,14,214,318,297,146,184,76,352,172,94,380,188,265,22,142,230,360,140,77,252,365,141,424,70,290,20,17,3,418,9,6,388,157,251,147,203,101,41,206,293,50,421,49,178,66,86,284,212,96,243,403,249,26,181,361,367,285,150,228,282,190,106,281,60,15,273,374,120,95,280,393,245,326,272,239,309,117,315,124,51,377,10,358,267,398,336,372,390,414,331,80,121,319,158,269,160,183,375,357,327,177,132,395,279,211,263,416,271,185,47,356,237,27,254,229,218,366,246,8,276,192,420,42,48,209,219,216,407,217,37,155,383,52,222,18,151,137,89,232,316,345,215,223,5,189,135,333,45,349,378,324,127,325,258,346,122,197,221,328,253,310,419,300,73,44,389,364,110,225,392,64,114,207,100,341,406,308,74,289,170,116,278,415,125,108,102
247,14,1,159,102,50,413,16,329,193,286,141,375,212,245,374,271,418,415,207,156,105,401,196,409,386,181,35,382,208,0,167,80,9,395,170,293,342,198,84,285,108,201,298,277,58,190,292,410,223,379,257,332,115,18,270,287,354,267,164,407,146,385,2,330,351,250,216,185,319,399,291,72,92,129,214,19,263,100,218,238,356,131,175,43,109,187,321,154,180,37,77,202,150,282,56,360,135,393,404,124,68,99,251,85,316,281,142,353,13,158,152,57,419,240,151,284,224,128,87,423,237,348,176,344,414,390,140,41,225,358,194,40,134,54,69,98,76,104,26,75,371,300,364,325,365,378,63,22,206,33,345,55,184,315,262,242,266,48,249,335,23,221,226,359,166,161,182,381,313,91,402,120,67,25,122,203,259,136,95,179,369,230,246,260,27,45,297,205,123,125,86,191,79,235,252,272,64,116,269,258,421,367,343,368,244,289,7,89,111,53,320,420
156,207,114,257,19,125,113,42,222,344,107,182,52,275,407,6,269,84,193,187,118,342,194,321,414,355,351,68,377,60,267,281,39,217,27,212,350,224,235,81,216,315,82,106,324,292,374,135,372,152,375,163,153,285,273,195,317,340,325,308,140,389,1,47,232,298,111,79,92,154,9,17,162,328,141,37,63,14,172,357,5,218,192,70,364,246,233,77,214,296,271,280,370,129,165,311,110,314,384,236,406,97,69,50,147,155,142,230,418,353,43,144,403,158,240,394,2,318,91,48,89,288,8,198,221,390,30,188,304,226,300,178,413,245,32,405,247,356,354,293,251,38,157,126,284,78,400,109,283,290,421,208,64,259,309,103,263,287,420,159,380,313,279,391,252,260,161,58,343,401,185,150,396,365,121,93,175,85,378,229,33,358,386,124,268,119,86,337,422,133,239,265,334,98,131,115,201,409,359,415,339,80,266,262,105,199,180,411,130,174,366,220,116
302,186,85,325,217,18,294,271,17,44,162,112,265,32,114,278,343,149,30,68,250,78,287,340,124,261,231,102,129,146,142,161,172,243,87,245,47,273,145,177,140,322,107,35,21,267,363,174,270,303,375,404,239,415,133,158,414,194,188,98,212,240,72,213,46,13,401,22,49,338,181,354,234,26,341,52,230,334,227,332,368,5,117,395,425,6,0,400,182,218,233,339,277,253,16,97,359,266,399,219,165,314,205,2,7,349,3,196,268,373,411,330,60,383,25,100,28,244,137,377,191,345,163,168,156,139,79,12,315,76,106,56,238,134,29,80,371,94,50,308,155,45,74,358,361,344,198,175,147,113,423,61,108,381,226,125,40,300,387,10,36,59,225,319,179,396,92,96,224,116,208,263,86,51,121,299,305,220,119,247,249,392,246,316,416,190,355,109,111,77,309,312,424,335,372,65,353,410,236,260,14,386,257,311,118,42,141,276,189,289,274,144,350
